Model,1m,3m,6m,12m
PCR,57.59822,191.63756,351.53907,692.34754
PCA+Lasso,49.74964,180.56442,325.52976,679.00977
PLS,54.98861,208.87319,388.64762,774.0841
